Date,PlayerName,Position,Salary,Pts,R,A,S,T,B,FP
11-17-15,Hassan Whiteside (MIA),C,$8100,22,14,0,0,4,10,62
11-17-15,Reggie Jackson (DET),PG,$7700,23,6,12,1,5,0,50
11-17-15,Brook Lopez (BKN),C,$7100,24,10,1,1,1,3,47
11-17-15,Kemba Walker (CHA),PG,$6400,31,4,1,3,1,1,46
11-17-15,Danilo Gallinari (DEN),SF,$6200,32,8,8,0,3,0,55
11-17-15,Kristaps Porzingis (NY),PF,$5900,29,11,0,0,1,1,46.75
11-17-15,Will Barton (DEN),SG,$4700,17,7,2,1,1,2,35.75
11-17-15,Ersan Ilyasova (DET),PF,$3800,20,6,2,1,0,0,34.5
11-19-15,Rajon Rondo (SAC),PG,$8700,14,9,18,1,3,0,55.25
11-19-15,Chris Paul (LAC),PG,$8600,35,4,8,3,3,0,59
11-19-15,Chris Bosh (MIA),PF,$7300,23,11,4,0,1,1,46.75
11-19-15,Giannis Antetokounmpo (MIL),SF,$7200,33,5,2,2,0,0,46.75
11-19-15,Dwyane Wade (MIA),SG,$6400,24,5,6,2,0,0,43.25
11-19-15,Tristan Thompson (CLE),PF,$4700,12,11,1,1,2,0,29.75
11-19-15,Tyler Johnson (MIA),SG,$3600,19,3,3,1,1,0,30.25
11-19-15,Willie Cauley-Stein (SAC),C,$3200,11,5,0,0,3,2,19.75
11-22-15,Anthony Davis (NO),PF,$10700,32,19,1,2,3,4,69.75
11-22-15,Damian Lillard (POR),PG,$8700,30,6,13,2,2,1,65
11-22-15,DeAndre Jordan (LAC),C,$7300,13,15,1,1,1,5,46.25
11-22-15,Ishmael Smith (NO),PG,$6000,17,9,8,3,2,1,47.25
11-22-15,Mason Plumlee (POR),C,$5500,17,11,4,1,0,1,42.25
11-22-15,Avery Bradley (BOS),SG,$5000,27,4,1,2,2,1,42
11-22-15,Darrell Arthur (DEN),PF,$3000,21,8,0,1,1,0,33
11-22-15,Alonzo Gee (NO),SF,$3000,8,7,5,3,1,0,29.75
11-23-15,Rajon Rondo (SAC),PG,$9000,14,8,20,4,6,1,63
11-23-15,Kawhi Leonard (SA),SF,$8200,24,13,4,4,3,1,56.75
11-23-15,Andrew Wiggins (MIN),SG,$6900,32,6,3,1,2,2,49.5
11-23-15,Kemba Walker (CHA),PG,$6900,39,6,5,2,2,3,65
11-23-15,Jahlil Okafor (PHI),C,$6700,25,12,1,0,4,2,45
11-23-15,Markieff Morris (PHX),PF,$5300,28,8,4,1,6,0,44
11-23-15,Shabazz Napier (ORL),PG,$3000,11,3,9,1,0,1,32.25
11-23-15,Andrew Nicholson (ORL),PF,$3000,18,8,0,1,2,0,30.5
11-24-15,Stephen Curry (GS),PG,$10900,24,4,9,2,0,0,48.5
11-24-15,Paul George (IND),SF,$9900,40,8,4,2,4,0,61.5
11-24-15,DeAndre Jordan (LAC),C,$7400,18,11,3,1,0,4,47.75
11-24-15,Avery Bradley (BOS),SG,$5500,25,1,2,3,2,1,38.25
11-24-15,C.J. Miles (IND),SF,$4900,32,3,3,1,2,0,45.25
11-24-15,Ed Davis (POR),PF,$4200,12,13,2,3,4,2,40.75
11-24-15,Thabo Sefolosha (ATL),SF,$4000,15,7,3,3,1,3,39.75
11-24-15,Gary Neal (WSH),SG,$3200,23,3,0,1,3,0,29.75
11-30-15,Paul Millsap (ATL),PF,$7700,26,11,5,1,3,4,57.75
11-30-15,DeAndre Jordan (LAC),C,$7100,18,24,1,1,0,2,57
11-30-15,Reggie Jackson (DET),PG,$7000,31,5,8,2,2,0,53.75
11-30-15,Pau Gasol (CHI),C,$6800,18,13,4,1,1,3,49.25
11-30-15,Dwyane Wade (MIA),SG,$6700,30,4,4,5,6,0,48
11-30-15,Michael Carter-Williams (MIL),PG,$5100,12,6,9,3,2,3,44
11-30-15,Amir Johnson (BOS),PF,$4200,13,10,2,1,3,2,35.5
11-30-15,Stanley Johnson (DET),SF,$3600,19,10,1,1,1,2,42
12-1-15,Anthony Davis (NO),PF,$10600,17,14,2,2,1,9,61
12-1-15,John Wall (WSH),PG,$7800,35,4,10,5,5,0,65.5
12-1-15,Marc Gasol (MEM),C,$7100,38,13,6,0,3,4,71.25
12-1-15,Dirk Nowitzki (DAL),PF,$6600,28,7,6,0,3,1,47.25
12-1-15,Deron Williams (DAL),PG,$6300,30,6,8,0,1,2,54
12-1-15,Jerami Grant (PHI),SF,$4700,14,7,4,1,0,4,38.75
12-1-15,Alex Len (PHX),C,$3200,13,14,2,2,4,3,43
12-1-15,Gerald Henderson (POR),SG,$3000,20,4,1,0,0,0,27.5
12-2-15,Paul George (IND),SF,$10200,31,10,4,3,0,1,61.5
12-2-15,John Wall (WSH),PG,$8000,34,7,11,2,5,0,63.75
12-2-15,Reggie Jackson (DET),PG,$7200,34,3,16,1,3,0,65.25
12-2-15,Pau Gasol (CHI),C,$6800,26,19,3,0,3,4,62.25
12-2-15,Marcus Morris (DET),SF,$5900,24,14,3,2,2,0,52
12-2-15,Rodney Stuckey (IND),SG,$3900,18,5,2,1,0,0,29.25
12-2-15,Louis Williams (LAL),PG,$3900,12,2,4,7,2,0,34.5
12-2-15,Jon Leuer (PHX),PF,$3700,20,6,5,2,0,1,42
12-3-15,Kawhi Leonard (SA),SF,$8600,27,8,3,2,1,1,50.5
12-3-15,Kyle Lowry (TOR),PG,$8500,16,6,8,4,3,2,47.5
12-3-15,Isaiah Thomas (BOS),PG,$7500,21,6,9,4,1,0,51
12-3-15,DeMar DeRozan (TOR),SG,$7100,34,5,5,0,0,0,47.75
12-3-15,C.J. Miles (IND),SF,$5600,27,6,0,1,2,1,41.5
12-3-15,Darrell Arthur (DEN),PF,$4200,19,6,2,2,0,2,39
12-3-15,Rodney Stuckey (IND),SG,$3900,17,5,6,3,1,0,38.25
12-3-15,Kelly Olynyk (BOS),C,$3800,21,4,4,1,3,0,34
12-6-15,Russell Westbrook (OKC),PG,$10400,19,11,10,3,3,0,57.25
12-6-15,John Wall (WSH),PG,$8600,28,4,10,5,2,0,58.5
12-6-15,Draymond Green (GS),PF,$8000,22,9,7,1,1,0,46.25
12-6-15,Otto Porter (WSH),SF,$5500,15,11,2,1,1,0,35.25
12-6-15,Wesley Matthews (DAL),SG,$4800,36,6,5,1,1,1,59.5
12-6-15,Kentavious Caldwell-Pope (DET),SG,$4600,22,4,2,4,1,0,38
12-6-15,Jon Leuer (PHX),PF,$4400,10,11,4,0,3,3,36.25
12-6-15,Steven Adams (OKC),C,$3700,6,12,1,1,0,1,26.5
12-7-15,Kyle Lowry (TOR),PG,$8900,27,7,6,0,2,0,46.25
12-7-15,Pau Gasol (CHI),C,$7500,22,10,6,2,3,3,54
12-7-15,DeAndre Jordan (LAC),C,$7000,20,12,0,2,1,4,48
12-7-15,Dwyane Wade (MIA),SG,$6900,26,7,9,1,5,0,47.75
12-7-15,Otto Porter (WSH),SF,$5500,13,14,4,2,1,1,43.5
12-7-15,Goran Dragic (MIA),PG,$5200,20,3,9,1,4,0,38.25
12-7-15,Ersan Ilyasova (DET),PF,$4600,15,13,1,1,3,1,38.25
12-7-15,Mirza Teletovic (PHX),SF,$3800,20,4,2,0,1,2,33.5
12-8-15,Stephen Curry (GS),PG,$10700,29,7,10,3,4,0,59.75
12-8-15,Thaddeus Young (BKN),PF,$7100,20,12,5,3,5,0,47.5
12-8-15,Nikola Vucevic (ORL),C,$7000,18,13,3,2,3,2,46.75
12-8-15,Klay Thompson (GS),SG,$6400,39,7,6,0,4,1,61.75
12-8-15,Will Barton (DEN),SG,$5900,23,4,1,4,1,1,40.5
12-8-15,Joe Johnson (BKN),SF,$5300,22,5,8,3,2,0,46.25
12-8-15,Marcus Thornton (HOU),SF,$3800,32,6,3,3,1,0,52
12-8-15,Corey Brewer (HOU),SF,$3500,22,3,2,3,4,0,34.75
12-10-15,Kevin Durant (OKC),SF,$10100,25,12,10,1,5,0,60
12-10-15,Rajon Rondo (SAC),PG,$8500,16,9,12,2,3,0,49.75
12-10-15,Jimmy Butler (CHI),SG,$7500,14,5,8,2,0,2,40.25
12-10-15,Jahlil Okafor (PHI),C,$6400,22,10,2,0,3,2,41.5
12-10-15,Serge Ibaka (OKC),PF,$6000,23,10,0,1,2,2,42.5
12-10-15,Shane Larkin (BKN),PG,$4500,14,4,6,1,2,0,29
12-10-15,Lance Thomas (NY),SF,$3100,10,6,2,3,2,0,26.5
12-10-15,Andrea Bargnani (BKN),C,$3000,23,6,1,0,0,0,32
12-13-15,Eric Bledsoe (PHX),PG,$8400,23,5,9,4,6,4,56.25
12-13-15,Brandon Knight (PHX),pg,$7600,25,3,6,4,5,2,50.75
12-13-15,DeMar DeRozan (TOR),SG,$7100,25,8,2,1,1,0,39.5
12-13-15,Jahlil Okafor (PHI),C,$6400,23,14,1,0,1,1,45
12-13-15,Zach LaVine (MIN),PG,$5200,28,2,2,1,2,0,36
12-13-15,Luis Scola (TOR),PF,$4900,22,5,0,2,2,0,32.25
12-13-15,Jeff Green (MEM),SF,$4600,26,2,3,0,4,1,34
12-13-15,Matt Barnes (MEM),SF,$4300,13,13,4,2,3,1,42.75
12-14-15,Eric Bledsoe (PHX),PG,$8400,23,5,7,3,2,2,50.25
12-14-15,Marc Gasol (MEM),C,$7300,24,12,6,1,3,3,56
12-14-15,Reggie Jackson (DET),PG,$7200,34,11,7,1,4,0,60.75
12-14-15,Tyreke Evans (NO),SG,$7000,19,12,5,4,3,1,52
12-14-15,Mike Conley (MEM),PG,$6200,18,4,11,2,2,0,45
12-14-15,Kent Bazemore (ATL),SF,$5000,28,5,2,1,2,1,41.75
12-14-15,Jordan Hill (IND),PF,$4400,20,13,1,1,2,0,40.25
12-14-15,Luol Deng (MIA),SF,$4200,18,9,4,2,1,0,39.25
12-15-15,James Harden (HOU),SG,$10800,33,7,6,1,7,0,51.25
12-15-15,Rudy Gay (SAC),SF,$6900,17,13,3,6,5,1,51.75
12-15-15,Kenneth Faried (DEN),PF,$6000,19,10,1,0,0,3,40.5
12-15-15,Michael Carter-Williams (MIL),PG,$5800,19,5,5,2,1,1,38.25
12-15-15,Omri Casspi (SAC),SF,$5600,19,6,6,2,5,0,38.5
12-15-15,D'Angelo Russell (LAL),PG,$5300,19,4,7,3,1,0,41
12-15-15,Darren Collison (SAC),PG,$4900,14,7,13,1,8,0,42.25
12-15-15,Roy Hibbert (LAL),C,$4400,12,11,2,0,0,1,32.25
12-20-15,Tyreke Evans (NO),SG,$7600,21,8,10,1,2,1,51
12-20-15,Chris Bosh (MIA),PF,$6900,29,6,4,2,5,0,45.5
12-20-15,Brook Lopez (BKN),C,$6700,20,12,5,1,4,2,48
12-20-15,Hassan Whiteside (MIA),C,$6600,22,11,1,2,2,5,51.75
12-20-15,Will Barton (DEN),SG,$6200,32,10,6,0,1,0,58
12-20-15,Omri Casspi (SAC),SF,$6000,15,11,3,1,3,0,36.75
12-20-15,Michael Carter-Williams (MIL),PG,$6000,20,9,6,1,3,1,42.75
12-20-15,Patrick Patterson (TOR),PF,$3900,18,8,1,3,1,0,37
12-21-15,Kawhi Leonard (SA),SF,$8500,24,6,5,3,0,0,45.5
12-21-15,Chris Paul (LAC),PG,$8100,32,5,10,2,2,0,59.75
12-21-15,Thaddeus Young (BKN),PF,$7000,16,13,2,3,3,0,41.25
12-21-15,Karl-Anthony Towns (MIN),C,$6900,25,16,2,1,2,3,56.5
12-21-15,Marcin Gortat (WSH),C,$6400,27,16,2,1,3,4,60
12-21-15,Jae Crowder (BOS),SF,$5600,18,10,2,0,1,2,39.5
12-21-15,Garrett Temple (WSH),SG,$4000,23,5,3,2,0,0,40.25
12-21-15,Tim Frazier (POR),PG,$3000,12,7,7,2,5,1,34.75
12-27-15,Russell Westbrook (OKC),PG,$10400,30,9,12,1,4,0,61.75
12-27-15,Carmelo Anthony (NY),SF,$8200,29,10,2,0,2,0,46
12-27-15,C.J. McCollum (POR),SG,$7200,35,11,9,4,2,1,74.25
12-27-15,Mike Conley (MEM),PG,$6200,19,4,5,4,0,0,40
12-27-15,Kenneth Faried (DEN),PF,$6000,25,11,1,0,1,2,45.25
12-27-15,Enes Kanter (OKC),C,$4500,21,8,0,1,1,1,34.5
12-27-15,Meyers Leonard (POR),C,$3700,16,11,2,0,3,0,34.75
12-27-15,Larry Nance Jr. (LAL),PF,$3700,17,11,1,2,1,0,37.25
12-28-15,Stephen Curry (GS),PG,$10700,23,14,10,2,2,0,66
12-28-15,Kemba Walker (CHA),PG,$7300,38,6,5,3,2,2,63.5
12-28-15,Chris Bosh (MIA),PF,$7100,24,12,3,1,2,0,48.5
12-28-15,Brook Lopez (BKN),C,$6900,26,12,0,2,2,1,47.5
12-28-15,Omri Casspi (SAC),SF,$5900,36,6,1,0,4,0,47.5
12-28-15,Ishmael Smith (PHI),PG,$4800,22,3,11,2,6,0,45.25
12-28-15,Tony Snell (CHI),SF,$3400,22,7,1,0,0,1,36.25
12-28-15,Wayne Ellington (BKN),SG,$3300,26,7,2,1,2,0,42.25
12-29-15,Paul Millsap (ATL),PF,$7700,22,13,4,1,3,5,56.75
12-29-15,Michael Carter-Williams (MIL),PG,$6700,19,9,9,2,2,0,47.25
12-29-15,Dwight Howard (HOU),C,$6500,30,16,3,1,3,1,58.5
12-29-15,Al Horford (ATL),C,$6300,30,14,2,1,0,1,58.5
12-29-15,Jeff Teague (ATL),PG,$6300,22,2,8,3,1,0,43
12-29-15,Khris Middleton (MIL),SG,$6100,36,0,7,1,2,0,50.5
12-29-15,Kent Bazemore (ATL),SF,$5300,26,3,4,2,4,0,40.25
12-29-15,Ersan Ilyasova (DET),PF,$4900,19,6,1,3,1,0,35
12-30-15,John Wall (WSH),PG,$9700,19,7,11,5,2,1,56.75
12-30-15,DeMar DeRozan (TOR),SG,$7600,34,6,5,2,3,2,56
12-30-15,Brook Lopez (BKN),C,$7000,24,15,2,3,2,5,62.25
12-30-15,LaMarcus Aldridge (SA),PF,$6400,21,12,2,0,2,1,41.5
12-30-15,Nerlens Noel (PHI),PF,$5900,20,9,2,4,2,0,41.25
12-30-15,Ishmael Smith (PHI),PG,$5600,18,3,9,2,1,2,42.75
12-30-15,Jerami Grant (PHI),SF,$3900,16,11,2,2,3,5,47.75
12-30-15,Aaron Brooks (CHI),PG,$3500,29,1,5,1,6,0,38.75
01-04-16,Kyle Lowry (TOR),PG,$8100,22,5,10,1,3,1,48.75
01-04-16,Paul Millsap (ATL),PF,$8000,19,9,6,5,4,0,47.25
01-04-16,Jimmy Butler (CHI),SG,$7700,42,4,5,1,3,1,58
01-04-16,Danilo Gallinari (DEN),SF,$6700,29,5,3,1,0,1,44.75
01-04-16,Louis Williams (LAL),SG,$5400,30,7,4,2,2,0,50.75
01-04-16,Luis Scola (TOR),PF,$4800,22,5,2,2,0,1,38.25
01-04-16,Arron Afflalo (NY),SG,$4500,38,2,2,0,1,1,48.5
01-04-16,Robin Lopez (NY),C,$4300,16,11,5,0,5,3,42.25
1-5-16,DeMarcus Cousins (SAC),PF,$10000,35,17,4,6,10,1,73.75
1-5-16,Carmelo Anthony (NY),SF,$8200,23,11,7,1,3,2,53.25
1-5-16,Pau Gasol (CHI),C,$7800,26,11,5,1,4,3,55.75
1-5-16,Taj Gibson (CHI),PF,$5700,11,14,1,1,1,6,45
1-5-16,Darren Collison (SAC),PG,$5300,14,4,12,2,3,0,41
1-5-16,Arron Afflalo (NY),SG,$4900,23,7,4,1,1,0,40.25
1-5-16,Marco Belinelli (SAC),SG,$3900,14,9,3,3,0,0,37.75
1-5-16,JaVale McGee (DAL),C,$3100,13,11,0,2,0,2,36.25
1-6-16,Anthony Davis (NO),PF,$10300,26,12,7,2,3,3,61.5
1-6-16,LeBron James (CLE),SF,$9500,34,10,4,1,2,1,59
1-6-16,Chris Paul (LAC),PG,$9200,21,4,19,1,3,0,56.5
1-6-16,Jusuf Nurkic (DEN),C,$4700,15,10,2,0,1,5,41.5
1-6-16,J.R. Smith (CLE),SG,$4500,25,3,1,3,0,0,38.75
1-6-16,Mario Chalmers (MEM),PG,$4100,23,8,9,2,1,0,52
1-6-16,David West (SA),PF,$3900,14,13,4,1,1,0,39.25
1-6-16,Dwight Powell (DAL),PF,$3600,13,10,2,2,1,2,37.5
1-7-16,DeMarcus Cousins (SAC),PF,$10300,29,10,7,1,3,0,55
1-7-16,James Harden (HOU),SG,$9600,33,8,3,2,4,1,51.5
1-7-16,Al Horford (ATL),C,$6600,18,9,3,3,0,3,46.25
1-7-16,Kent Bazemore (ATL),SF,$6100,22,6,4,2,3,1,41.5
1-7-16,Dennis Schroder (ATL),PG,$5000,14,4,6,2,4,0,31
1-7-16,D'Angelo Russell (LAL),PG,$4800,27,2,4,2,3,0,39.5
1-7-16,Brandon Bass (LAL),PF,$3800,10,6,4,5,0,2,37.5
1-7-16,Trey Lyles (UTAH),PF,$3400,9,9,3,2,4,2,30.75
1-10-16,LeBron James (CLE),SF,$9800,37,7,9,2,2,0,63.75
1-10-16,Isaiah Thomas (BOS),PG,$7500,35,3,8,1,2,0,53.75
1-10-16,Kevin Love (CLE),PF,$7200,15,15,7,2,3,0,48.75
1-10-16,Dwight Howard (HOU),C,$7100,21,17,3,2,3,0,50.75
1-10-16,Zach Randolph (MEM),PF,$6100,25,13,2,1,2,2,51.25
1-10-16,Jrue Holiday (NO),PG,$5400,29,11,4,3,3,0,55.25
1-10-16,Wesley Johnson (LAC),SF,$3600,15,4,2,5,3,0,33
1-10-16,Andre Roberson (OKC),SG,$3200,10,8,0,2,2,3,29.5
1-11-16,John Wall (WSH),PG,$9400,17,5,10,3,2,1,47.75
1-11-16,Jimmy Butler (CHI),SG,$8300,19,4,7,3,2,0,40
1-11-16,Chris Bosh (MIA),PF,$7800,15,12,4,0,4,2,39.5
1-11-16,LaMarcus Aldridge (SA),PF,$6800,25,11,2,0,0,0,43.25
1-11-16,Dwyane Wade (MIA),SG,$6600,20,6,11,0,0,1,47.5
1-11-16,Luol Deng (MIA),SF,$4300,14,10,2,0,2,0,31
1-11-16,Boban Marjanovic (SA),C,$3300,13,3,1,0,1,2,21.75
1-11-16,Drew Gooden (WSH),PF,$3000,10,12,3,0,0,1,33
1-12-16,Jimmy Butler (CHI),SG,$8400,30,8,6,0,4,1,50
1-12-16,Isaiah Thomas (BOS),PG,$7800,34,3,8,1,2,1,53.25
1-12-16,Kristaps Porzingis (NY),PF,$6900,26,6,2,2,0,2,46
1-12-16,Giannis Antetokounmpo (MIL),SF,$6300,29,10,5,1,0,1,54.5
1-12-16,Chandler Parsons (DAL),SF,$5400,25,8,1,2,3,0,40.5
1-12-16,Tim Duncan (SA),C,$5300,14,9,3,4,2,2,40.75
1-12-16,Tony Parker (SA),PG,$5200,31,4,3,1,3,0,41.5
1-12-16,Terrence Jones (HOU),PF,$4300,20,4,3,3,2,1,38
1-13-16,Stephen Curry (GS),PG,$10600,38,5,9,3,8,1,64.25
1-13-16,Chris Paul (LAC),PG,$9100,15,6,12,4,1,1,52.5
1-13-16,Thaddeus Young (BKN),PF,$7200,19,11,3,3,1,0,44.25
1-13-16,Giannis Antetokounmpo (MIL),SF,$6500,19,11,6,2,6,1,46.25
1-13-16,Amir Johnson (BOS),PF,$4900,14,18,6,2,1,0,50.5
1-13-16,Eric Gordon (NO),SG,$4800,24,5,6,3,1,1,49.75
1-13-16,Derrick Williams (NY),SF,$3600,31,7,0,2,3,0,42.25
1-13-16,Cole Aldrich (LAC),C,$3100,19,7,3,1,2,0,33.25
1-14-16,DeMarcus Cousins (SAC),PF,$10300,36,17,1,1,4,1,63.25
1-14-16,Jimmy Butler (CHI),SG,$8800,53,10,6,3,4,0,81
1-14-16,Ishmael Smith (PHI),PG,$7000,24,4,8,2,2,0,45
1-14-16,Mario Chalmers (MEM),PG,$6300,25,3,8,4,3,0,48.25
1-14-16,Joakim Noah (CHI),C,$5100,6,16,8,2,7,1,40.5
1-14-16,Tristan Thompson (CLE),PF,$4900,18,14,1,1,2,0,39.5
1-14-16,Robert Covington (PHI),SF,$4400,25,6,1,2,0,0,41
1-14-16,Jason Smith (ORL),PF,$3200,16,5,4,0,0,1,30.25
1-17-16,Russell Westbrook (OKC),PG,$10600,13,10,15,2,3,0,55.5
1-17-16,Kevin Durant (OKC),SF,$9700,24,10,3,3,5,1,49.5
1-17-16,Dwight Howard (HOU),C,$7700,14,15,0,1,2,3,41.25
1-17-16,Monta Ellis (IND),SG,$6100,24,2,5,1,4,1,37
1-17-16,Nikola Jokic (DEN),C,$4500,18,2,3,4,1,0,33
1-17-16,Markieff Morris (PHX),PF,$4400,17,5,3,3,2,0,32.75
1-17-16,Boris Diaw (SA),PF,$3800,16,3,3,1,1,0,26.75
1-17-16,Randy Foye (DEN),PG,$3200,12,3,6,0,0,1,27.75
1-18-16,Kemba Walker (CHA),PG,$7900,52,9,8,2,3,0,80.75
1-18-16,Dwight Howard (HOU),C,$7700,36,26,4,1,4,1,78
1-18-16,Brook Lopez (BKN),C,$7500,29,10,3,1,1,2,53
1-18-16,Gordon Hayward (UTAH),SF,$7400,36,5,9,2,4,1,62.75
1-18-16,Dirk Nowitzki (DAL),PF,$6400,31,11,0,2,4,0,49.75
1-18-16,J.J. Redick (LAC),SG,$5400,40,1,2,0,1,0,48.25
1-18-16,Marcus Smart (BOS),PG,$4400,20,8,3,2,1,0,39
1-18-16,Marcus Thornton (HOU),SF,$3300,23,3,5,1,1,0,38.25
1-19-16,Kevin Durant (OKC),SF,$9900,30,12,4,2,1,2,61.5
1-19-16,Hassan Whiteside (MIA),C,$7500,23,18,1,0,1,2,52
1-19-16,Khris Middleton (MIL),SG,$6900,22,7,7,2,0,0,46.25
1-19-16,Jrue Holiday (NO),PG,$6000,19,2,9,1,1,0,37.5
1-19-16,Kenneth Faried (DEN),PF,$5800,17,15,1,0,1,1,40.25
1-19-16,Devin Booker (PHX),SG,$4800,32,0,2,0,4,0,36
1-19-16,P.J. Tucker (PHX),SF,$4700,12,10,5,0,1,0,34
1-19-16,Myles Turner (IND),C,$3500,15,4,0,0,1,4,27.5
1-20-16,DeMarcus Cousins (SAC),PF,$10600,36,16,3,1,2,1,65
1-20-16,James Harden (HOU),SG,$9700,33,17,14,1,6,0,80.25
1-20-16,Karl-Anthony Towns (MIN),C,$6800,27,17,3,1,3,6,67.25
1-20-16,Rodney Hood (UTAH),SG,$5800,29,6,5,0,0,0,46.5
1-20-16,Elfrid Payton (ORL),PG,$5800,21,6,10,2,3,0,47.5
1-20-16,Jerami Grant (PHI),SF,$4000,12,6,1,2,0,5,35.5
1-20-16,Brandon Bass (LAL),PF,$3800,18,7,2,0,1,3,35.25
1-20-16,Willie Cauley-Stein (SAC),C,$3300,12,10,1,2,0,2,35.5
1-21-16,DeMarcus Cousins (SAC),PF,$10600,24,15,5,3,6,2,59.25
1-21-16,Chris Paul (LAC),PG,$9800,30,3,9,3,4,1,53.75
1-21-16,Paul Millsap (ATL),PF,$8200,14,14,3,5,5,4,53
1-21-16,Tyreke Evans (NO),SG,$7700,22,4,10,2,4,0,46.5
1-21-16,Tyson Chandler (PHX),C,$4200,8,20,4,0,2,1,40
1-21-16,Alonzo Gee (NO),SF,$3200,7,9,1,1,0,1,24.25
1-21-16,Boban Marjanovic (SA),C,$3200,17,13,0,1,2,0,35.75
1-21-16,Archie Goodwin (PHX),SG,$3100,20,3,2,1,4,1,29.75
1-24-16,James Harden (HOU),SG,$10100,23,15,10,0,2,2,65.75
1-24-16,Kevin Durant (OKC),SF,$9500,32,10,7,2,5,1,61
1-24-16,Brook Lopez (BKN),C,$7000,31,10,2,0,1,3,53.5
1-24-16,Chandler Parsons (DAL),SF,$5900,31,6,3,1,1,1,49
1-24-16,Trevor Ariza (HOU),SF,$5200,29,3,2,3,0,0,44.75
1-24-16,Josh Smith (HOU),PF,$4000,16,3,2,2,1,2,31.25
1-24-16,Terrence Ross (TOR),SG,$3500,18,4,2,4,2,0,35.5
1-24-16,Shane Larkin (BKN),PG,$3300,9,3,4,4,0,2,30.75
1-25-16,DeMarcus Cousins (SAC),PF,$11000,56,12,4,1,7,2,81.5
1-25-16,James Harden (HOU),SG,$10100,35,11,8,1,2,1,66.75
1-25-16,Jrue Holiday (NO),PG,$6400,32,6,9,3,4,0,58
1-25-16,Jeremy Lin (CHA),PG,$5400,20,7,11,0,3,0,46.25
1-25-16,Trevor Ariza (HOU),SF,$5200,31,5,3,3,3,1,52.25
1-25-16,Jeff Green (MEM),SF,$4600,30,8,1,2,2,1,47.5
1-25-16,Spencer Hawes (CHA),C,$4100,18,7,0,2,1,0,32.25
1-25-16,Troy Daniels (CHA),PG,$3000,28,7,0,0,0,0,40.75
1-26-16,Kevin Durant (OKC),SF,$9800,44,14,5,1,4,0,72.5
1-26-16,Paul George (IND),SF,$8900,31,11,3,1,1,1,55.25
1-26-16,Dwyane Wade (MIA),SG,$6500,27,4,8,3,3,2,52.5
1-26-16,Serge Ibaka (OKC),PF,$5700,12,17,2,0,0,2,41.75
1-26-16,Jordan Clarkson (LAL),PG,$5600,18,6,7,0,2,0,36
1-26-16,Alex Len (PHX),C,$4800,16,12,0,1,1,2,38
1-26-16,Archie Goodwin (PHX),SG,$4500,26,6,6,2,4,0,45
1-26-16,Langston Galloway (NY),SG,$3800,21,5,3,3,1,0,39.25
1-27-16,Andre Drummond (DET),C,$8500,25,18,0,2,2,1,54
1-27-16,Kevin Love (CLE),PF,$7100,21,11,4,2,1,2,51.25
1-27-16,Klay Thompson (GS),SG,$7000,45,5,1,0,1,2,59.75
1-27-16,Karl-Anthony Towns (MIN),C,$7000,19,13,5,0,2,3,49.25
1-27-16,Avery Bradley (BOS),SG,$5800,27,3,1,4,1,1,44.25
1-27-16,Kenneth Faried (DEN),PF,$5700,15,15,4,1,0,1,45.25
1-27-16,Zach LaVine (MIN),PG,$4500,35,2,1,1,0,0,43.5
1-27-16,Jerami Grant (PHI),SF,$4400,21,8,2,3,2,1,41.5
1-28-16,Jimmy Butler (CHI),SG,$8800,26,5,10,4,0,0,57.25
1-28-16,Kyle Lowry (TOR),PG,$8600,26,6,10,3,3,0,56
1-28-16,Danilo Gallinari (DEN),SF,$7000,26,5,6,1,2,0,44.25
1-28-16,Monta Ellis (IND),SG,$6600,25,5,6,5,2,1,53.75
1-28-16,Ryan Anderson (NO),PF,$6300,36,9,4,0,1,0,55.25
1-28-16,Norris Cole (NO),PG,$5100,17,7,10,1,3,0,43.25
1-28-16,Jared Dudley (WSH),SF,$4300,12,4,4,4,2,0,30.5
1-28-16,Omer Asik (NO),C,$3200,8,13,0,0,2,4,31.25
1-29-16,Russell Westbrook (OKC),PG,$10800,26,10,14,1,8,1,64.5
1-29-16,Carmelo Anthony (NY),SF,$8200,19,10,8,4,2,0,53
1-29-16,Brook Lopez (BKN),C,$7100,28,12,3,2,2,2,56
1-29-16,Dwyane Wade (MIA),SG,$6700,24,4,7,3,4,3,49.5
1-29-16,Al-Farouq Aminu (POR),SF,$4800,17,12,1,2,0,0,39.5
1-29-16,Gorgui Dieng (MIN),C,$4500,20,15,2,2,0,0,47.25
1-29-16,Langston Galloway (NY),SG,$4000,11,7,5,3,0,1,36.25
1-29-16,Tyler Hansbrough (CHA),PF,$3000,12,14,0,2,0,1,37
1-30-16,James Harden (HOU),SG,$10100,40,7,11,4,2,0,76.75
1-30-16,Brook Lopez (BKN),C,$7100,33,10,1,3,1,4,62
1-30-16,Ryan Anderson (NO),PF,$6900,24,6,5,2,0,1,47.5
1-30-16,Monta Ellis (IND),SG,$6800,32,9,6,3,4,0,58.25
1-30-16,Jeff Green (MEM),SF,$5000,29,2,1,3,1,0,40
1-30-16,Nikola Jokic (DEN),C,$4900,16,11,2,5,3,0,43.25
1-30-16,Jordan Hill (IND),PF,$4100,20,7,3,1,3,6,45.75
1-30-16,Isaiah Canaan (PHI),PG,$3900,18,4,2,4,0,0,36.5
2-1-16,Gordon Hayward (UTAH),SF,$7200,27,12,7,1,3,0,55
2-1-16,Rudy Gay (SAC),SF,$6800,32,9,6,2,1,0,56.25
2-1-16,Victor Oladipo (ORL),SG,$6500,19,3,7,5,4,0,41.75
2-1-16,Michael Carter-Williams (MIL),PG,$6400,18,5,13,1,3,1,48.25
2-1-16,Mike Conley (MEM),PG,$6200,17,4,10,1,1,1,42.5
2-1-16,Serge Ibaka (OKC),PF,$5600,19,10,3,0,1,2,42
2-1-16,Jeff Teague (ATL),PG,$5500,32,5,8,1,2,0,53.75
2-1-16,Nikola Jokic (DEN),C,$5300,27,14,4,0,2,1,53.5
2-2-16,James Harden (HOU),SG,$10300,26,4,14,2,3,1,59.5
2-2-16,Giannis Antetokounmpo (MIL),SF,$7300,19,8,5,2,2,1,42
2-2-16,C.J. McCollum (POR),SG,$6900,30,4,6,2,4,2,51.5
2-2-16,Ricky Rubio (MIN),PG,$6500,10,2,15,1,2,0,37.5
2-2-16,Kobe Bryant (LAL),SG,$5400,38,5,5,2,2,0,58.25
2-2-16,Markieff Morris (PHX),PF,$4800,30,11,6,1,4,2,58.75
2-2-16,Robin Lopez (NY),C,$4700,17,13,2,0,2,3,42.75
2-2-16,Marcus Thornton (HOU),SF,$3600,18,5,3,1,0,0,32.75
2-3-16,Russell Westbrook (OKC),PG,$11000,24,19,14,2,2,0,76.25
2-3-16,John Wall (WSH),PG,$9300,41,3,10,2,3,0,65.25
2-3-16,LaMarcus Aldridge (SA),PF,$7000,36,6,1,1,2,3,52
2-3-16,Victor Oladipo (ORL),SG,$6500,37,7,4,1,0,1,57.25
2-3-16,Joe Johnson (BKN),SF,$4800,20,4,9,2,3,0,43
2-3-16,C.J. Miles (IND),SF,$3900,27,2,1,0,0,0,33
2-3-16,E'Twaun Moore (CHI),SG,$3600,24,5,4,2,1,0,41.75
2-3-16,Tyler Zeller (BOS),C,$3000,6,5,4,1,0,3,26.25
2-4-16,Anthony Davis (NO),PF,$10000,39,11,0,1,1,1,57.75
2-4-16,Damian Lillard (POR),PG,$8900,27,5,11,1,3,1,54.75
2-4-16,Kyle Lowry (TOR),PG,$8700,30,6,8,2,7,2,57.5
2-4-16,Robin Lopez (NY),C,$5100,26,16,2,1,2,0,51.5
2-4-16,Arron Afflalo (NY),SG,$4700,24,3,3,2,2,0,35.75
2-4-16,Stanley Johnson (DET),SF,$4400,22,9,5,2,2,1,46.25
2-4-16,Alex Len (PHX),C,$4100,12,18,2,1,2,0,40
2-4-16,Corey Brewer (HOU),SF,$4000,24,0,1,4,2,0,34
2-5-16,John Wall (WSH),PG,$9700,18,13,10,2,3,1,59.75
2-5-16,Paul George (IND),SF,$8400,31,9,6,0,1,0,54.25
2-5-16,Derrick Rose (CHI),PG,$6200,30,9,8,1,2,0,54.25
2-5-16,Thaddeus Young (BKN),PF,$6200,14,14,7,2,3,0,46
2-5-16,Goran Dragic (MIA),PG,$5400,12,8,9,2,0,0,39.5
2-5-16,Joe Johnson (BKN),SF,$5100,27,6,11,2,6,1,58
2-5-16,Evan Turner (BOS),SG,$5100,19,12,6,0,1,1,46
2-5-16,Lavoy Allen (IND),C,$3800,13,14,2,0,3,1,35.5
2-6-16,Kevin Durant (OKC),SF,$10500,40,14,5,1,5,2,71.5
2-6-16,Kyrie Irving (CLE),PG,$6900,29,4,3,2,3,0,42.5
2-6-16,Nicolas Batum (CHA),sf,$6300,26,11,9,1,6,1,57.25
2-6-16,Julius Randle (LAL),PF,$6200,15,17,4,2,3,0,46.25
2-6-16,Gorgui Dieng (MIN),C,$6100,24,13,7,0,1,1,53.75
2-6-16,Deron Williams (DAL),PG,$5600,22,2,11,1,0,0,45.5
2-6-16,Matt Barnes (MEM),SF,$4700,17,11,5,0,2,1,43.25
2-6-16,Gerald Henderson (POR),SG,$3600,16,4,1,2,1,1,28.5
2-7-16,Rajon Rondo (SAC),PG,$8000,14,5,15,6,4,0,54.75
2-7-16,Isaiah Thomas (BOS),PG,$7500,22,4,9,2,1,1,47
2-7-16,Kristaps Porzingis (NY),PF,$7000,21,13,2,0,2,2,45.25
2-7-16,Will Barton (DEN),SG,$5700,19,11,5,1,0,1,45.75
2-7-16,Aaron Gordon (ORL),PF,$5500,11,13,4,2,0,4,46.75
2-7-16,Kent Bazemore (ATL),SF,$5200,23,8,1,2,4,0,38
2-7-16,Jared Sullinger (BOS),C,$5000,21,6,1,3,3,0,35
2-7-16,Elfrid Payton (ORL),PG,$5000,12,4,12,1,3,1,40
2-8-16,Paul Millsap (ATL),PF,$7900,22,13,6,4,6,1,57.25
2-8-16,Nikola Vucevic (ORL),C,$7400,28,13,6,0,1,1,56.25
2-8-16,Kyrie Irving (CLE),PG,$7200,32,3,12,0,2,1,58.75
2-8-16,Jrue Holiday (NO),PG,$6900,27,6,9,3,1,0,55
2-8-16,Nicolas Batum (CHA),sf,$6700,19,13,8,2,4,0,52.25
2-8-16,Kenneth Faried (DEN),PF,$5700,22,13,2,0,0,1,44.75
2-8-16,Jerami Grant (PHI),SF,$4500,17,11,2,0,1,1,36.75
2-8-16,Mario Hezonja (ORL),SG,$3400,14,9,3,0,3,0,29.25
2-9-16,John Wall (WSH),PG,$10000,28,5,17,1,1,0,64.25
2-9-16,Carmelo Anthony (NY),SF,$8400,33,13,2,2,4,0,57.25
2-9-16,Kawhi Leonard (SA),SF,$7600,23,9,4,3,3,1,47.25
2-9-16,Greg Monroe (MIL),C,$6700,29,12,3,1,3,2,54.5
2-9-16,Danny Green (SA),SG,$4700,15,7,3,3,1,1,36.75
2-9-16,Raymond Felton (DAL),SG,$4600,17,7,5,1,0,0,35.75
2-9-16,Andrew Bogut (GS),C,$4400,13,11,1,3,2,6,46.75
2-9-16,Jonas Jerebko (BOS),PF,$3100,13,5,0,0,0,0,19.75
2-10-16,Chris Paul (LAC),PG,$9100,35,5,13,3,2,1,70.75
2-10-16,Karl-Anthony Towns (MIN),C,$8300,35,11,1,0,0,3,57.75
2-10-16,Isaiah Thomas (BOS),PG,$7700,36,4,11,1,2,0,60.5
2-10-16,Robert Covington (PHI),SF,$5800,29,5,1,6,7,0,48.75
2-10-16,Jared Sullinger (BOS),C,$5200,21,11,7,1,0,0,49.25
2-10-16,Tristan Thompson (CLE),PF,$5100,15,13,4,0,0,1,40.75
2-10-16,Louis Williams (LAL),SG,$4900,28,4,2,0,0,1,40
2-10-16,Maurice Harkless (POR),SF,$3600,19,13,1,2,0,0,42.75
2-11-16,Giannis Antetokounmpo (MIL),SF,$7100,17,13,3,0,2,1,40.75
2-11-16,Khris Middleton (MIL),SG,$6900,27,6,9,5,2,0,57.5
2-11-16,Jrue Holiday (NO),PG,$6800,23,4,6,5,4,0,45.5
2-11-16,Bradley Beal (WSH),SG,$6500,19,3,5,0,2,1,32.25
2-11-16,Norris Cole (NO),PG,$5400,15,5,6,0,1,0,30.25
2-11-16,Serge Ibaka (OKC),PF,$5300,18,7,3,1,1,3,39.25
2-11-16,Enes Kanter (OKC),C,$5100,11,12,1,0,1,1,30.5
2-11-16,Jabari Parker (MIL),PF,$5000,17,9,4,1,4,0,34.25
2-18-16,John Wall (WSH),PG,$9600,17,6,11,4,2,0,50.5
2-18-16,Chris Paul (LAC),PG,$9000,28,5,12,1,2,1,58.25
2-18-16,Derrick Rose (CHI),PG,$7300,28,7,2,1,3,0,41.25
2-18-16,Marcin Gortat (WSH),C,$6400,22,10,0,2,1,5,49.5
2-18-16,Tristan Thompson (CLE),PF,$5200,16,10,0,3,0,2,40
2-18-16,Jamal Crawford (LAC),SG,$5100,19,2,6,0,7,0,28.5
2-18-16,Nene Hilario (WSH),PF,$4100,16,5,4,1,1,0,29.75
2-18-16,Tony Snell (CHI),SF,$3200,9,7,2,0,1,1,22.75
2-19-16,DeMarcus Cousins (SAC),PF,$11000,37,20,2,1,6,4,74
2-19-16,Damian Lillard (POR),PG,$9200,51,0,7,6,0,0,78
2-19-16,Jrue Holiday (NO),PG,$6900,24,3,12,4,4,0,53.75
2-19-16,Victor Oladipo (ORL),SG,$6400,17,14,3,2,2,0,45
2-19-16,Luol Deng (MIA),SF,$5000,30,11,0,4,1,0,53.25
2-19-16,Ian Mahinmi (IND),C,$4600,19,11,3,2,3,2,45.25
2-19-16,Kris Humphries (PHX),PF,$3100,18,12,2,1,0,2,44.5
2-19-16,Josh McRoberts (MIA),PF,$3000,19,6,10,0,1,0,44
2-20-16,Paul Millsap (ATL),PF,$7800,27,11,6,1,3,2,56.75
2-20-16,Klay Thompson (GS),SG,$7600,32,7,3,3,0,0,53.25
2-20-16,Hassan Whiteside (MIA),C,$7200,25,23,0,0,1,2,58.75
2-20-16,Goran Dragic (MIA),PG,$5700,24,7,8,0,0,1,46.75
2-20-16,Jabari Parker (MIL),PF,$5400,28,13,2,0,0,0,48.75
2-20-16,Robin Lopez (NY),C,$5200,26,16,0,0,5,3,51
2-20-16,Luol Deng (MIA),SF,$5000,27,10,4,1,0,0,49
2-20-16,Dennis Schroder (ATL),PG,$4800,25,8,10,1,5,1,54.5
2-21-16,LeBron James (CLE),SF,$9700,25,7,11,3,5,0,56.25
2-21-16,Anthony Davis (NO),PF,$9700,59,20,4,0,2,1,93.5
2-21-16,Kevin Love (CLE),PF,$7300,29,11,4,0,0,0,50.25
2-21-16,Victor Oladipo (ORL),SG,$6500,17,7,8,3,1,2,47.25
2-21-16,Jordan Clarkson (LAL),PG,$5300,20,9,4,1,1,0,39.75
2-21-16,Nikola Jokic (DEN),C,$5200,23,13,4,2,4,0,49.25
2-21-16,Shelvin Mack (UTAH),PG,$3000,16,3,6,0,1,1,30.75
2-21-16,Vince Carter (MEM),SG,$3000,16,7,1,2,1,0,30.75
2-22-16,Paul George (IND),SF,$8400,31,11,4,3,3,0,58.75
2-22-16,Kyle Lowry (TOR),PG,$8300,22,11,11,0,2,0,56.75
2-22-16,Giannis Antetokounmpo (MIL),SF,$7100,27,12,10,3,1,4,75
2-22-16,Al Horford (ATL),C,$6500,23,16,6,3,1,5,69.5
2-22-16,Jae Crowder (BOS),SF,$5700,27,9,3,2,1,0,48.25
2-22-16,Avery Bradley (BOS),SG,$5200,22,2,2,3,1,0,35
2-22-16,Marcus Smart (BOS),PG,$4800,17,4,7,4,2,0,39.5
2-22-16,Josh McRoberts (MIA),PF,$3600,10,6,3,2,2,0,25.5
2-23-16,John Wall (WSH),PG,$9300,16,12,11,2,3,1,58
2-23-16,Brook Lopez (BKN),C,$7500,36,10,1,4,3,1,60
2-23-16,Nikola Vucevic (ORL),C,$7400,35,9,4,0,1,1,53.75
2-23-16,C.J. McCollum (POR),SG,$7200,34,5,6,1,3,0,52.25
2-23-16,Rudy Gay (SAC),SF,$6600,16,10,4,4,2,3,49.5
2-23-16,Jared Dudley (WSH),SF,$4500,18,4,5,1,2,0,34.5
2-23-16,Darrell Arthur (DEN),PF,$3700,14,5,4,2,1,0,31.75
2-23-16,Hollis Thompson (PHI),SG,$3600,14,3,2,1,0,0,24.25
2-24-16,Stephen Curry (GS),PG,$10400,42,7,7,1,7,2,66.75
2-24-16,Hassan Whiteside (MIA),C,$7600,21,13,0,1,2,2,43.75
2-24-16,Dwyane Wade (MIA),SG,$6900,32,3,7,1,4,1,48.25
2-24-16,Dirk Nowitzki (DAL),PF,$6100,33,6,0,2,2,0,44.5
2-24-16,Matt Barnes (MEM),SF,$5000,25,8,2,1,2,1,43.5
2-24-16,Taj Gibson (CHI),PF,$4900,17,7,7,2,1,0,39.75
2-24-16,D'Angelo Russell (LAL),PG,$4900,22,4,8,0,1,0,40
2-24-16,Jose Calderon (NY),PG,$4000,20,4,4,1,0,0,35
2-25-16,James Harden (HOU),SG,$10500,46,5,8,2,5,0,67.75
2-25-16,Stephen Curry (GS),PG,$10400,51,7,8,0,5,1,76.25
2-25-16,Thaddeus Young (BKN),PF,$6700,18,8,3,7,1,3,52
2-25-16,Norris Cole (NO),PG,$4900,21,6,8,0,4,0,39.5
2-25-16,Mirza Teletovic (PHX),SF,$4800,30,11,1,0,4,0,47.25
2-25-16,Donald Sloan (BKN),PG,$4600,13,9,6,0,1,0,32.75
2-25-16,Tyson Chandler (PHX),C,$4300,12,11,1,2,3,2,35.25
2-25-16,Amir Johnson (BOS),PF,$3700,15,8,2,1,0,1,32
2-26-16,DeMarcus Cousins (SAC),PF,$10600,26,15,9,2,7,2,65.25
2-26-16,Chris Paul (LAC),PG,$9600,40,8,13,2,2,0,76
2-26-16,Kyle Lowry (TOR),PG,$8400,43,5,9,4,2,0,70.75
2-26-16,Marvin Williams (CHA),PF,$5400,26,13,1,1,1,2,53.25
2-26-16,Robert Covington (PHI),SF,$5300,12,12,0,3,2,3,41
2-26-16,Arron Afflalo (NY),SG,$4500,14,12,3,1,1,0,37.5
2-26-16,David Lee (DAL),PF,$3100,14,14,2,1,1,0,37.5
2-26-16,Mike Muscala (ATL),C,$3000,6,4,2,3,0,0,20
2-27-16,Stephen Curry (GS),PG,$10700,46,3,6,2,3,0,67.25
2-27-16,Pau Gasol (CHI),C,$8500,22,16,14,1,3,3,74
2-27-16,Serge Ibaka (OKC),PF,$5700,15,20,1,1,1,2,48.5
2-27-16,Ryan Anderson (NO),PF,$5600,31,14,0,1,0,2,57.5
2-27-16,Evan Turner (BOS),SG,$5200,14,6,9,1,0,0,37
2-27-16,P.J. Tucker (PHX),SF,$4700,17,11,7,0,0,1,45.25
2-27-16,Alex Len (PHX),C,$4700,22,16,1,1,2,2,50
2-27-16,Eric Gordon (NO),SG,$4600,31,3,2,3,3,0,44.25
2-28-16,John Wall (WSH),PG,$9600,21,7,13,0,3,0,49.75
2-28-16,Al Horford (ATL),C,$7200,13,16,6,0,2,1,45
2-28-16,Dwyane Wade (MIA),SG,$7000,26,7,6,2,2,0,46.75
2-28-16,Chandler Parsons (DAL),SF,$6300,29,6,4,1,0,0,46.5
2-28-16,Monta Ellis (IND),SG,$5900,18,5,5,3,2,1,39.25
2-28-16,Robin Lopez (NY),C,$5600,14,14,2,0,1,3,41.5
2-28-16,Jerami Grant (PHI),SF,$4300,13,8,1,3,3,5,39
2-28-16,David Lee (DAL),PF,$3500,13,9,1,2,2,1,30.75
3-1-16,Draymond Green (GS),PF,$8600,15,13,9,4,5,1,54.75
3-1-16,Hassan Whiteside (MIA),C,$8300,26,14,1,0,1,4,54
3-1-16,Kemba Walker (CHA),PG,$8100,26,6,9,1,1,0,50
3-1-16,D'Angelo Russell (LAL),PG,$5800,39,6,3,1,3,0,55.5
3-1-16,Joe Johnson (MIA),SF,$5500,24,5,4,0,2,1,38.25
3-1-16,Wesley Matthews (DAL),SG,$4600,21,5,2,2,0,0,34.75
3-1-16,Andrew Bogut (GS),C,$4400,19,7,2,2,0,1,36.75
3-1-16,Ersan Ilyasova (ORL),PF,$4400,22,10,0,2,0,0,41
